srv03929,srv03929.soton.ac.uk:3000
srv03952,srv03952.soton.ac.uk:3000
srv03945,srv03945.soton.ac.uk:3000
srv03914,srv03914.soton.ac.uk:3000
srv03916,srv03916.soton.ac.uk:3000
srv03923,srv03923.soton.ac.uk:3000
srv03919,srv03919.soton.ac.uk:3000
srv03950,srv03950.soton.ac.uk:3000
srv03941,srv03941.soton.ac.uk:3000
srv03933,srv03933.soton.ac.uk:3000
srv03951,srv03951.soton.ac.uk:3000
srv03934,srv03934.soton.ac.uk:3000
srv03926,srv03926.soton.ac.uk:3000
srv03813,srv03813.soton.ac.uk:3000
srv03915,srv03915.soton.ac.uk:3000
srv03917,srv03917.soton.ac.uk:3000
srv03938,srv03938.soton.ac.uk:3000
srv03920,srv03920.soton.ac.uk:3000
srv03954,srv03954.soton.ac.uk:3000
srv03930,srv03930.soton.ac.uk:3000
srv03814,srv03814.soton.ac.uk:3000
srv03932,srv03932.soton.ac.uk:3000
srv03944,srv03944.soton.ac.uk:3000
srv03913,srv03913.soton.ac.uk:3000
srv03911,srv03911.soton.ac.uk:3000
srv03939,srv03939.soton.ac.uk:3000
srv03918,srv03918.soton.ac.uk:3000
srv03931,srv03931.soton.ac.uk:3000
srv03940,srv03940.soton.ac.uk:3000
srv03943,srv03943.soton.ac.uk:3000
srv03922,srv03922.soton.ac.uk:3000
srv03948,srv03948.soton.ac.uk:3000
srv03927,srv03927.soton.ac.uk:3000
srv03935,srv03935.soton.ac.uk:3000
srv03953,srv03953.soton.ac.uk:3000
srv03925,srv03925.soton.ac.uk:3000
srv03815,srv03815.soton.ac.uk:3000
srv03816,srv03816.soton.ac.uk:3000
srv03928,srv03928.soton.ac.uk:3000
srv03942,srv03942.soton.ac.uk:3000
srv03812,srv03812.soton.ac.uk:3000
srv03955,srv03955.soton.ac.uk:3000
srv03946,srv03946.soton.ac.uk:3000
srv03912,srv03912.soton.ac.uk:3000
srv03921,srv03921.soton.ac.uk:3000
srv03937,srv03937.soton.ac.uk:3000
srv03924,srv03924.soton.ac.uk:3000
srv03936,srv03936.soton.ac.uk:3000
srv03947,srv03947.soton.ac.uk:3000
