httpexampleorgagent100profilecardme,srv03955,/srv/espresso/storage/ESPRESSO/metaindex/httpexampleorgagent100profilecardme-servers.zip
httpexampleorgagent112profilecardme,srv03955,/srv/espresso/storage/ESPRESSO/metaindex/httpexampleorgagent112profilecardme-servers.zip
httpexampleorgagent120profilecardme,srv03955,/srv/espresso/storage/ESPRESSO/metaindex/httpexampleorgagent120profilecardme-servers.zip
httpexampleorgagent124profilecardme,srv03955,/srv/espresso/storage/ESPRESSO/metaindex/httpexampleorgagent124profilecardme-servers.zip
httpexampleorgagent12profilecardme,srv03955,/srv/espresso/storage/ESPRESSO/metaindex/httpexampleorgagent12profilecardme-servers.zip
httpexampleorgagent138profilecardme,srv03955,/srv/espresso/storage/ESPRESSO/metaindex/httpexampleorgagent138profilecardme-servers.zip
httpexampleorgagent145profilecardme,srv03955,/srv/espresso/storage/ESPRESSO/metaindex/httpexampleorgagent145profilecardme-servers.zip
httpexampleorgagent147profilecardme,srv03955,/srv/espresso/storage/ESPRESSO/metaindex/httpexampleorgagent147profilecardme-servers.zip
httpexampleorgagent249profilecardme,srv03955,/srv/espresso/storage/ESPRESSO/metaindex/httpexampleorgagent249profilecardme-servers.zip
httpexampleorgagent62profilecardme,srv03955,/srv/espresso/storage/ESPRESSO/metaindex/httpexampleorgagent62profilecardme-servers.zip
httpexampleorgagent76profilecardme,srv03955,/srv/espresso/storage/ESPRESSO/metaindex/httpexampleorgagent76profilecardme-servers.zip
