httpexampleorgagent100profilecardme,srv03955,https://srv03955.soton.ac.uk:3000
httpexampleorgagent112profilecardme,srv03955,https://srv03955.soton.ac.uk:3000
httpexampleorgagent120profilecardme,srv03955,https://srv03955.soton.ac.uk:3000
httpexampleorgagent124profilecardme,srv03955,https://srv03955.soton.ac.uk:3000
httpexampleorgagent12profilecardme,srv03955,https://srv03955.soton.ac.uk:3000
httpexampleorgagent138profilecardme,srv03955,https://srv03955.soton.ac.uk:3000
httpexampleorgagent145profilecardme,srv03955,https://srv03955.soton.ac.uk:3000
httpexampleorgagent147profilecardme,srv03955,https://srv03955.soton.ac.uk:3000
httpexampleorgagent249profilecardme,srv03955,https://srv03955.soton.ac.uk:3000
httpexampleorgagent62profilecardme,srv03955,https://srv03955.soton.ac.uk:3000
httpexampleorgagent76profilecardme,srv03955,https://srv03955.soton.ac.uk:3000
